tema||título||texto
politica||El Gobierno español sumará a Junqueras las condenas que no vaya a cumplir Puigdemont||Después del revés recibido por el Gobierno de España tras la puesta en libertad de Carles Puigdemont por parte de la justicia alemana, el juez Pablo Llarena ha decidido esta semana, a instancias del Ejecutivo, que sumará a Oriol Junqueras las condenas que no vaya a cumplir el líder del PDeCAT. El exvicepresidente de Cataluña, que permanece en la prisión madrileña de Estremera desde el pasado dos de noviembre, asumiría por tanto todos los delitos atribuidos a Carles Puigdemont y, de esta manera, el Tribunal Supremo se asegura de que los actos del expresidente catalán durante la última legislatura no quedan impunes, ya que “Junqueras pagará por todos y cada uno de ellos”. Con esta maniobra ideada para burlar la justicia alemana, el líder de Esquerra Republicana se enfrenta a 50 años más de prisión. “Seguiremos adelante aunque a Junqueras le caigan cien años más, nadie nos va a parar”, ha dicho hoy Carles Puigdemont desde Alemania. “Haré lo que tenga que hacer y si Junqueras se tiene que sacrificar por ello, lo asumiré con resignación y determinación”, ha prometido. “Seguim!”, tuiteaba poco después de trascender la decisión de Llarena. Según fuentes anónimas del poder judicial, se está barajando también la posibilidad de añadir a la pena de Oriol Junqueras las condenas que puedan imponerse en el futuro a Iñaki Urdangarin, Rodrigo Rato o Esperanza Aguirre, entre otros, así como la de un delito de robo con fuerza ocurrido hace una semana en Huesca y del que la policía ha sido incapaz de encontrar al culpable.
politica||Ciudadanos exige la dimisión de Cifuentes el año que viene sin falta, cuando haya elecciones||Ciudadanos se ha vuelto a mostrar implacable en su oposición al Gobierno del Partido Popular. Apenas unas semanas después de que saltase el escándalo sobre las presuntas irregularidades del máster de Cristina Cifuentes en la Universidad Rey Juan Carlos, el portavoz regional de Ciudadanos, Ignacio Aguado, ha exigido la dimisión de la presidenta para el año que viene sin falta, en cuanto se celebren las elecciones autonómicas de Madrid. Tras dar por vencido el ultimátum dado al PP para que apoye la creación de una comisión de investigación, Aguado se ha mostrado firme y ha dado un nuevo ultimátum amenazando con dar más ultimátums. “Estamos dispuestos a darles todos los ultimátums que hagan falta, no nos va a temblar el pulso”, ha dicho con contundencia. Para Albert Rivera, líder de la formación, “la situación es insostenible y el año que viene, cuando se celebren elecciones, Cristina Cifuentes se tiene que marchar”. De esta manera, la dirección nacional de Ciudadanos quiere demostrar su compromiso de limpiar de corrupción el partido en el Gobierno. “A no ser que Cifuentes sea la más votada en los comicios, no vamos a permitir que siga en su puesto”, ha declarado con severidad. “Al final esto es una democracia y es el pueblo el que decide, pero no le vamos a pasar ni una”, ha añadido. Desde la formación naranja han amenazado incluso con proponer un candidato alternativo para presidir la Comunidad de Madrid. “Creemos que C. Cifuentes sería la persona adecuada para el puesto porque tiene la preparación necesaria para relevar a la actual presidenta y limpiar Madrid de corrupción”, ha dicho Albert Rivera a la prensa.
politica||Mariano Rajoy admite que incluyó la presidencia de España en su curriculum pero no recuerda haber hecho nada||El líder del Partido Popular, Mariano Rajoy, ha reconocido esta tarde que en el curriculum que figura en la página web oficial de su partido aparece la presidencia de España como una de sus ocupaciones. “No lo recuerdo, sinceramente, puede ser que esté”, ha admitido ante la prensa, quitando hierro tanto a este asunto como a la polémica del máster que habrían obtenido de forma irregular Cristina Cifuentes y también, según se ha sabido más tarde, el vicesecretario de Comunicación del PP, Pablo Casado. “Fue hace años, no es algo a lo que yo dedique mi tiempo, sinceramente”, ha insistido en relación a la presidencia del país. “Esto es un equipo de gente, todos hacemos cosas y nadie conserva todos los documentos de todo, como comprenderá. No tiene sentido ponerse a mirar si este presidió esto o lo otro en tal o cual año, centrémonos en lo que toca, no en polémicas absurdas que nos distraen de los asuntos verdaderamente serios y verdaderamente importantes”, ha argumentado Rajoy. Ante la insistencia de los periodistas, el político popular ha precisado que “lo de la presidencia no lo sé, pero lo que sí les puedo decir es que, de joven, los sábados por la tarde, jugaba al baloncesto, en la liga de colegios, y el domingo por la mañana la liga de empresas, aunque éramos los mismos que los de la liga de colegios pero con otro nombre. Todo esto mientras estudiaba en los jesuitas. De esta época sí me acuerdo bien”. Aunque se ha negado a demostrar con pruebas documentales que tiene algo que ver con el Gobierno de la nación, Rajoy sí se ha ofrecido a aportar archivos que, supuestamente, probarían que durante el mandato de José María Aznar ocupó diversas carteras. “Entre 1996 y 2003 ya estaba por aquí, en Administraciones Públicas, creo que también en la vicepresidencia y diría incluso que en Interior, aunque no sé si al final estuvo solo Jaime o nos turnamos. Tengo un cenicero de plata que es precisamente de aquella época. Les puedo asegurar que algo hice y de vez en cuando voy a las Cortes y si no se lo creen pregunten, allí me conoce todo el mundo”, ha asegurado, reiterando que “en cuanto a lo de la presidencia no pondría yo la mano en el fuego”. Al ser preguntados, los ciudadanos españoles tampoco han podido confirmar que Mariano Rajoy les preside.
politica||Cristina Cifuentes empieza a referirse a sí misma como “esa señora de la que usted me habla”||Distanciándose de sí misma y fingiendo no conocerse, la presidenta de la Comunidad de Madrid, Cristina Cifuentes, ha empezado a referirse a sí misma como “esa persona que de la que usted me habla”, “ese nombre que usted menciona” e incluso “esa señora que sólo conozco de saludar en los pasillos en Génova”, según se ha desprendido de unas declaraciones que ha hecho esta mañana. “Ah, lo de Cifuentes… Bueno, eso ya tal”, ha dicho Cristina Cifuentes al ser preguntada por los periodistas por la persona a la que refiere el nombre ‘C. Cifuentes’ que figura en los documentos de su supuesto máster. “Creo que ya no es militante y por lo tanto no tengo ninguna autoridad sobre ella”, ha dicho Cifuentes de sí misma, asegurando que se siente “engañada” por esa persona. Según un sondeo de última hora, el electorado español ha empezado a confiar en ella como posible candidata a la presidencia del Gobierno al haber demostrado una solvencia y aptitudes a la altura de los grandes líderes de España.
politica||La justicia alemana libera a Puigdemont, pide a Cifuentes que enseñe el trabajo de máster y pregunta quién es “M. Rajoy”||La Audiencia Territorial de Schleswig-Holstein (norte de Alemania) ha descartado este jueves el delito de rebelión en la petición de extradición a España del expresidente de la Generalitat de Cataluña, Carles Puigdemont, y lo ha dejado en libertad bajo fianza para, a continuación, exigir a la presidenta de la Comunidad de Madrid Cristina Cifuentes que enseñe el trabajo de fin de máster y preguntar quién es el ‘M. Rajoy’ que aparece en los papeles de Bárcenas. “No hay rebelión, pero es imprescindible averiguar quién es ‘M. Rajoy’, que es la persona que podría estar detrás de todos estos temas”, ha insistido el juez alemán tras analizar la petición de extradición española del político catalán, asegurando que tanta incógnita sobre la identidad que se esconde tras ese nombre en clave “es un indicio claro de implicación en algún tipo de delito”. Respecto a Cristina Cifuentes, el juez ha confiado en que Alemania se sumará a la moción de censura que el PSOE presentará para apartarla de la presidencia de la Comunidad de Madrid. A última hora, el juez alemán también ha advertido al Gobierno español de que revisará los vídeos de las cargas policiales del 1-O y que abrirá una investigación en torno a los discos duros de la sede del Partido Popular de la calle Génova de Madrid que fueron destruidos. “También pido formalmente hacer los coros en el nuevo tema de Valtonyc”, ha declarado el juez.
politica||La oposición muestra documentos que acreditan que Cristina Cifuentes ha dimitido||Cristina Cifuentes ha presentado esta tarde su dimisión como presidenta de la Comunidad de Madrid al término de la asamblea en la que debía dar explicaciones sobre su máster universitario. Todo ello según la versión de la oposición del Gobierno de la región, que ha mostrado la carta de dimisión firmada por Cifuentes. Ésta, sin embargo, asegura que el documento es falso. “Es suya, está aquí y esta es su firma”, ha dicho el portavoz del PSOE, Ángel Gabilondo, entre aplausos del resto de la oposición. “Y si no es un documento auténtico, recae en usted la responsabilidad de probarlo”, ha agregado Gabilondo. Visiblemente alterada, Cifuentes ha insistido en que “esta carta falsificada no prueba nada, es totalmente insuficiente para demostrar que he dimitido”. PSOE, Podemos y Ciudadanos han anunciado que se querellarán contra la “expresidenta” por poner en duda el honor de la oposición al acusarla de falsedad documental, “algo muy grave y más sin tener pruebas de que esta carta de dimisión, firmada por la señora Cifuentes, sea falsa como ella manifiesta”. “Ya hemos dado todas las explicaciones posibles y hemos aportado el documento que las sostiene: usted ha dimitido esta tarde por escrito y, si lo que decimos no es verdad, demuéstrelo y, desde luego, no ejerza usted de presidenta hasta demostrarlo porque, a todos los efectos, usted ha renunciado”, ha zanjado Ignacio Aguado, portavoz de Ciudadanos.
politica||Montoro pregunta a los españoles si quieren los Presupuestos Generales “con IVA o sin IVA”||Advirtiendo de que “con IVA es algo más caro”, el ministro de Hacienda, Cristóbal Montoro, ha preguntado hoy a los españoles si los Presupuestos Generales del Estado los quieren con IVA o sin IVA. “Yo he hecho los presupuestos sin el IVA, que nos sale mejor a todos, más baratito”, ha explicado el ministro esta mañana en una rueda de prensa. “No hace falta pasarlo todo por Hacienda”, ha dicho el ministro de Hacienda. En el caso de que el Congreso apruebe los presupuestos de 2018 —que se presentaron ayer de viva voz y sin documentación—, el Gobierno no pedirá a los españoles factura de nada “porque ya hay mucha confianza”. “Ya les digo que Hacienda no se va a enterar porque no miran los presupuestos uno a uno, tranquilos, que lo sé de primera mano”, ha dicho Montoro, asegurando que su equipo no tendría ningún problema en hacer los presupuestos con IVA “si así lo piden los españoles”. “Pero es que, ya digo, sale más caro y no hace falta”, ha explicado. De este modo, los presupuestos presentados ayer contemplan un gasto de 327.955 millones de euros, que el Gobierno justificará como “dietas” mientras que los presupuestos oficiales que constarán en la Administración son de tan sólo 1.345 euros. “Es un win win”, ha insistido Montoro.
politica||Las claves de los Presupuestos Generales del Estado||El ministro de Hacienda, Cristóbal Montoro, ha presentado en el Congreso el tradicional libro amarillo con el proyecto de Presupuestos Generales del Estado para 2018. Estas son las novedades más importantes respecto al año pasado: Infraestructuras: Tres nuevas hormigoneras, una más que el año anterior. Cine: El aumento de la partida presupuestaria permitirá que la película de Superlópez, que se estrenará en Navidad de 2019, no tenga la marca de agua del editor de vídeo, dado que se podrá comprar al fin una licencia. 14 euros para comprar “Sin noticias de Gurb” de Eduardo Mendoza, que deberá compartirse entre todos los alumnos españoles. Pensiones: Tras la visita de Soraya Sáenz de Santamaría a su abuela, el Gobierno cuenta con 50 euros más para las pensiones. Cultura: Se recorta un 80% la partida de Cultura porque todo el Gobierno usará la misma cuenta de Netflix. Recortes en Sanidad: Se ha presentado un virus de la gripe de bajo presupuesto que solo provoca mocos y tres estornudos al día. El Gobierno también ha podido recortar el presupuesto de esta partida aligerando las leyes contra la eutanasia. El Ministerio de Medio Ambiente pasará a ocupar un ambiente entero tras recibir más fondos. “La Mañana de La 1” dispondrá de presupuesto para asesorarse con un médico de verdad por primera vez. Por segundo año consecutivo, la partida para el “sostenimiento” de la Familia y la Casa del Rey aumenta ligeramente a los 100 millones de sacos de trigo, 100 veces el peso de su primer vástago en oro y 20 acres de Tierra de nuestros enemigos.
politica||Mariano Rajoy se hace un lío y huye de España por error||Asegurando que “mientras haya independentistas, en España no se puede estar” y que la persecución judicial y politica hace el clima de España irrespirable, Mariano Rajoy ha huido por error a Bélgica hoy viernes al leer en la prensa que el Tribunal Supremo ha decidido procesar por rebelión a diversos políticos y temiendo que él pueda ser el próximo. “No me ha dado mucho tiempo a leer los detalles pero he visto que era necesario salir del país cuanto antes”, ha explicado, ya en el extranjero, a la prensa. “Con las cosas que están ocurriendo por los catalanes es evidente que los políticos no podemos quedarnos en España”, ha dicho claramente mal informado de la situación real. “Los jueces están persiguiendo a todo el mundo, yo ya tuve que comparecer en julio por unos temas absurdos”, admite. “Volveré a España cuando se pueda volver a España”, ha explicado. Los periodistas también han podido saber que el presidente (que espera poder gobernar desde el exilio) cambiará su nombre a M. Rajoy a fin de burlar una posible detención internacional. Mariano Rajoy ha enviado además diversos SMS a los españoles con el mensaje “Aguantad, sed fuertes”, aunque ha admitido ante la prensa que no sabe cuándo volverá a España y desconfía de que la situación “tenga algún tipo de arreglo”.
politica||Inés Arrimadas es investida presidenta de Catalunya en un pleno exprés privado en el baño de su casa||Sin que el presidente del Parlament, Roger Torrent, ni ningún otro diputado hayan sido informados, Inés Arrimadas se ha visto obligada a organizar un pleno que a priori no estaba previsto y que le ha permitido ser presidenta en el baño de su casa, según han informado fuentes cercanas. “Gobernaré para todos los catalanes y catalanas, para los que me han votado y para los que no”, ha dicho Inés Arrimadas en su discurso de investidura, agradeciendo que su candidatura haya sido aprobada en la primera vuelta por mayoría absoluta de un voto, el de ella misma. “Esta cámara histórica (el baño de su domicilio particular) es el lugar que representa la voluntad de todo el pueblo de Cataluña, y eso es algo que yo me comprometo a respetar con uñas y dientes”, ha dicho. “Aquí (su baño privado) no se van a permitir ciertas escenas que hemos visto y que todos recordamos como algo lamentable y absolutamente vergonzoso”, ha asegurado. Tras finalizar su discurso, que se ha prolongado durante 45 minutos y ha sido interrumpido por vítores y aplausos de ella misma, Arrimadas ha dejado entrar en el baño a su marido, que llevaba una hora pidiendo acceder.
politica||Ciudadanos ha ganado ya las próximas elecciones generales según Metroscopia||Según el sondeo de Metroscopia elaborado para el diario El País, Ciudadanos ha ganado ya las próximas elecciones generales con un respaldo del 28,3% del electorado. Se sitúa así a más de seis puntos de distancia del PP (21,9%), que ocupa la segunda posición, y a más de ocho del PSOE (20,1%), que se mantiene en el tercer puesto. El candidato ganador, Albert Rivera, podrá ser investido presidente sin necesidad de campañas previas ni debates electorales. La sangría de votos del partido de Mariano Rajoy es la más significativa del sondeo. Respecto a las elecciones de junio de 2016, el PP pierde más de once puntos. Entonces obtuvo un respaldo del 33%, frente al 21,9% que obtiene en los próximos comicios. Según Metroscopia, el ya expresidente Rajoy se retirará de la primera línea del partido, avivando las luchas internas por el poder entre los populares. Metroscopia precisa asimismo que Albert Rivera será reelegido otras cuatro legislaturas más, habiendo afianzado la recuperación económica del país y aplacando las tensiones territoriales gracias a la presidencia de Inés Arrimadas en Cataluña. Ni siquiera la polémica por los llamados “Papeles de Murrieta”, un supuesto caso de corrupción del que aún no se sabe nada, lograrán empañar la labor del presidente. Según la encuesta publicada hoy, los líderes de todas las formaciones han llamado al ganador para felicitarlo y, en su discurso en la sede central de Ciudadanos en Madrid, Rivera se ha comprometido a “velar por los intereses de todos los españoles con la senda del crecimiento económico como estandarte”. Tras la publicación de los resultados de las próximas elecciones generales, se abre ahora un largo periodo de transición. El traspaso de poderes entre Mariano Rajoy y el nuevo presidente Rivera se prolongará hasta 2020.
politica||Rajoy critica el intento de Puigdemont de presidir “a través de un plasma”||Mientras los representantes de JuntsxCat y ERC pactan la Mesa del Parlament y siguen negociando la investidura de Carles Puigdemont, el presidente del Gobierno de España, Mariano Rajoy, ha asegurado esta tarde que la posibilidad de que el president cesado sea investido desde Bélgica, mediante videoconferencia, es una “ocurrencia” y que sería “absolutamente ridículo y absolutamente inaudito que alguien presidiera a través de un plasma”. “¿Dónde se ha visto algo parecido? ¿Cómo podría rendir cuentas un representante de la ciudadanía incapaz de comparecer en persona, escudándose de los periodistas y de la oposición detrás de una pantalla?”, ha exclamado Mariano Rajoy, quien ha insistido en que los catalanes “merecen y exigen que se hagan las cosas con seriedad y sentido común”. El mandatario ha censurado la actitud de los independentistas en una comparecencia emitida a través del televisor de la sala de prensa de la sede del PP en la calle Génova de Madrid, donde los periodistas tomaban nota de sus declaraciones. “Que dé la cara o que renuncie a representar a nadie”, ha sentenciado Rajoy en un comunicado sin admitir preguntas, reiterando que una investidura por la vía telemática sería “un disparate”.
politica||Carles Puigdemont se adelanta al Gobierno y aplica el artículo 155 para tomar el control de toda España||Tras una larga y tensa reunión con sus consellers y los diputados de JxSí, y después de anular su comparecencia para atrasarla después, el presidente de la Generalitat, Carles Puigdemont, ha comunicado finalmente en una declaración oficial en el Palau de la Generalitat que Cataluña aplicará de forma inmediata el artículo 155 de la Constitución española y tomará el control de todas las instituciones del Estado “como último recurso para respetar el mandato de la ciudadanía catalana frente a la incapacidad de diálogo del actual Gobierno”. El anuncio ha sorprendido al Ejecutivo de Mariano Rajoy, que ya había preparado la aplicación del artículo 155 a partir de su aprobación definitiva por el Pleno del Senado este viernes. “Se nos han adelantado ellos”, reconocía hace unos minutos la vicepresidenta Soraya Sáenz de Santamaría, claramente confusa y sin dejar de insistir en que “el señor Puigdemont ha vuelto a demostrar que utiliza la legalidad sólo cuando le conviene”. Aplicado este artículo en toda España, el procedimiento a partir de ahora no podrá paralizarse por ninguna maniobra de última hora de Mariano Rajoy, ni siquiera por la hipotética convocatoria de elecciones generales de acuerdo con la Ley de Régimen Electoral (Loreg). Rajoy y su Gobierno serán destituidos y será el Ejecutivo de Puigdemont el que tomará las riendas de todas las administraciones centrales. El president de la Generalitat de Cataluña y ahora también de España, que “es también Cataluña”, en sus propias palabras, ha asegurado que los Mossos d’Esquadra, “que son el principal órgano policial del Estado”, están preparados por si Mariano Rajoy y su equipo se atrincheran en sus despachos una vez destituidos. “Catalans, ja sóc aquí”, ha exclamado Puigdemont en su declaración, dirigiéndose “a todos los españoles y, por tanto, también a todos los catalanes”. En las calles, se viven momentos de mucha confusión y numerosos españoles contrarios al proceso independentista catalán se debaten entre la indignación por la imposición de un govern estatal y la alegría por haberse librado al fin del gobierno de Rajoy, cercado por la corrupción.
politica||Rajoy vuelve a ganar las elecciones||Antes incluso de que haya podido realizarse el recuento de las papeletas, el resultado que arrojan las urnas vuelve a ser favorable a Mariano Rajoy por tercera vez consecutiva, según ha informado él mismo en una comparecencia realizada hace escasos minutos. “Hemos hecho lo que teníamos que hacer. Somos el Gobierno de España y yo soy el presidente del Gobierno de España y he asumido mi responsabilidad. Hemos cumplido con nuestra obligación”, ha dicho en referencia a su campaña electoral, a la que ha querido quitar méritos pero ha tildado de “ejemplar”. Sin embargo, han sido los últimos actos los que le han permitido arrasar en los resultados y revalidar con creces su jefatura. “Hoy ha prevalecido la democracia y el Partido Popular ha vuelto a demostrar que es la única vía posible de hacer politica”, ha declarado visiblemente emocionado minutos antes de acudir a la sede del partido en la calle Génova. Se espera que celebre los resultados con simpatizantes y miembros de su partido, que ha salido reforzado con las votaciones de hoy. “España ha vuelto a optar por la templanza y el sentido común y eso siempre es una buena noticia”, ha dicho. El presidente ha agradecido también el apoyo “sin fisuras” de la UE y de la comunidad internacional así como del PSOE, partido del que dependerá para seguir gobernando, aunque se ha comprometido a “contar con todas las fuerzas politicas y dialogar con ellas, como he hecho siempre”. Albert Rivera, líder de Ciudadanos, ya ha expresado su voluntad de pactar tanto con Mariano Rajoy como con Pedro Sánchez.
politica||Inés Arrimadas podrá gobernar Cataluña en las noticias de El País||Ciudadanos asumirá la presidencia de la cámara autonómica catalana en las noticias del diario El País al haber sido la fuerza más votada en las elecciones del pasado 21 de diciembre. La decisión, difundida esta mañana en una escueta nota informativa de Prisa Noticias, permitirá a Inés Arrimadas aparecer como presidenta de Cataluña en todas las informaciones del rotativo “sean cuales sean los pactos a los que se llegue en el Parlament”. “Teniendo en cuenta que no pueden formar Govern por una cuestión de aritmética parlamentaria, lo más democrático es que el presidente del Parlament sea una persona de Ciudadanos, y esta persona es Arrimadas”, argumenta el director de El País, Antonio Caño, mostrando la portada del ejemplar de hoy, cuyo titular reza “Inés Arrimadas asume entre vítores la presidencia del Parlament”. El diario se compromete a informar de las fuerzas independentistas “tratándolas como un movimiento marginal radicalizado, que es lo que son”, centrándose en el nuevo gobierno de Arrimadas “y dejando atrás definitivamente el llamado ‘problema catalán’, que finalmente se resolvió legítima y legalmente en las urnas”, insiste Caño. Ante la posibilidad de que Arrimadas no llegue a ser nunca investida, el equipo de El País esgrime el mismo argumento de forma unánime: “Sí fue investida, lo pone aquí”, reitera el director señalando el ejemplar del diario. En declaraciones al diario El País, Inés Arrimadas ha prometido “gobernar para los lectores de El País que me votaron pero también para los que no lo hicieron”. También se ha comprometido a trabajar estrechamente con el resto de fuerzas constitucionalistas, que apoyan su investidura sin fisuras. De hecho, la presidenta del Parlament reconocía ante los periodistas de El País que ya ha recibido la llamada de la secretaria general del Partido Socialista Obrero Español, Susana Díaz.
politica||Denuncian a una psicóloga que aconsejaba a todos sus pacientes “centrar la cabeza y votar a Ciudadanos”||Diciéndoles que “es importante ser conscientes de los propios demonios interiores y de que Albert Rivera es uno de los pocos políticos más honestos de todo el país”, Eva Mugier, una psicóloga de 45 años de Barcelona, prescribía a todos sus pacientes votar a Ciudadanos. “Yo aconsejo a todo el mundo que se centre y eso implica confiar en la opción sensata de Rivera”, se defiende la doctora. “La mayoría de mis pacientes me explica los motivos por los que son infelices y en casi todas las ocasiones esos problemas podrían resolverse votando a Ciudadanos”, explica Mugier, que prefiere optar por “estos métodos naturales y democráticos” para solventar los traumas de sus clientes. “Hay que dejarse de idealizaciones, votar a Ciudadanos y andar, andar mucho”, insiste la doctora. Según explica, a su consulta llega gente “con la cabeza llena de pajaritos y completamente desorientada” y, en esos casos, les insiste en que voten a Ciudadanos y esperen a ver los resultados. “La mayoría ya sabe lo que les vas a decir, pero necesitan que alguien les diga lo que tienen en la cabeza. Y lo que tienen en la cabeza es Ciudadanos”, dice. Algunos pacientes, según han denunciado, llegaron a hablar con sus madres con el único propósito de aconsejarle también a ella que votara a Ciudadanos, siguiendo las indicaciones de la doctora, que llegó a realizar sesiones de terapia de grupo con doscientos pacientes a las que invitaba a Inés Arrimadas.
politica||Pedro Sánchez aprovecha su encuentro con Rajoy para hacerse selfies en La Moncloa y mandárselos a Susana Díaz||Con la intención de hacer rabiar a Susana Díaz, el líder socialista y reciente vencedor de las primarias de su partido, Pedro Sánchez, ha aprovechado su visita oficial a La Moncloa para hacerse selfies posando en la residencia presidencial, según han informado fuentes cercanas a la presidencia. La visita de Sánchez, que tenía por objetivo afrontar el tema del referéndum catalán con el presidente del Gobierno, Mariano Rajoy, ha durado dos horas y media, de las cuales Sánchez ha usado dos para hacerse fotos. Ha tenido que ser el propio Rajoy quien llamara la atención del socialista, cansado ya de posar con él. “Bueno, hablamos o…”, habría dicho Rajoy. Según las fuentes, Sánchez también ha pedido al presidente que le grabe un vídeo para el grupo del PSOE en Whatsapp diciendo “Pues aquí estoy, con el auténtico líder del socialismo, saludo a Susana Díaz que sé que es muy fan y a todos los demás, pero aquí estoy con este señor”. Al finalizar la reunión, Pedro Sánchez ha publicado en su perfil de Facebook una de sus selfies con el mensaje “Aquí, sufriendo, dirigiendo el PSOE y cada vez más cerca de La Moncloa” y etiquetando a la politica andaluza para asegurarse de que lo verá.
politica||Pedro Sánchez se pregunta si le seguirá valiendo el traje que usó para su primera investidura||El líder socialista se ha preguntado esta mañana si todavía está en forma como para lucir el mismo traje que llevó hace tiempo en su primera tentativa de investidura, según han sabido varios medios informativos. “Oh, me pregunto si… ¿puede que todavía quepas ahí dentro, Pedro?”, se ha dicho Pedro Sánchez a sí mismo esta mañana al abrir el armario y encontrar su antiguo traje de investidura colgado entre las perchas y guardado en una funda de plástico. “Oh, muchacho, estabas radiante en ese traje pero ha pasado tanto tiempo…”, ha susurrado el secretario general del PSOE mirando el traje con lágrimas en los ojos. Luego lo ha sacado del armario y se ha mirado ante el espejo sujetando la percha con la mano, según han informado varios miembros de su entorno. “Oh, vaya, ¿pero qué es esto que estoy viendo? ¿Un candidato a investidura? Sí señor, eso es lo que estoy viendo”, ha susurrado Pedro Sánchez según ha podido saberse. “Guau, estás igual, para ti no pasan los años”, ha dicho cambiando de voz. Luego, según la prensa, se ha contestado diciendo “sí, soy yo, me cuido y eso”. “Oh sí, pero mira qué culín tiene este presidente”, se ha dicho. A última hora, diversas fuentes han informado de que Pedro Sánchez se ha probado los pantalones y la camisa “por tontear nada más” y ha comprobado que, efectivamente, el traje de su investidura aún le queda “más o menos” igual de bien que le quedaba cuando se lo compró de joven, en febrero del año pasado. “Sigues igual, Pedrito”, se ha confirmado Pedro Sánchez guiñándose un ojo a sí mismo y dándose una palmada en el vientre.
politica||Susana Díaz regresa a Andalucía diciendo que ha ganado||Con los ojos rojos y a lomos de un caballo negro azabache, Susana Díaz ha regresado hoy a Andalucía anunciando su victoria en las primarias del PSOE, según han informado diversos medios andaluces. Miles de ciudadanos la han recibido entre vítores y gritos de “guapa, guapa”. Díaz incluso se ha atrevido a bajar de su caballo y realizar algunas acrobacias junto al ejército de majorettes que la escoltaba. En un discurso que posteriormente ha realizado desde lo alto de la Torre del Oro de Sevilla, Díaz ha afirmado que se encuentra “muy contenta por el apoyo incondicional de todos los españoles, en especial de los andaluces”. También ha advertido de que los tentáculos de Sánchez controlan los medios de comunicación. “Tened cuidado con sus mentiras y su lengua negra, no hagáis caso de lo que oigáis en la tele”, ha anunciado. “Eso es envidia del arte y el salero que tengo”, ha agregado justo antes de ser interrumpida por los aplausos de la multitud. Díaz ha apelado a conceptos tan actuales como “posverdad” y “fake news” para explicar la información de algunos medios. Para combatir estar informaciones falsas, ha pedido a los andaluces que estén más unidos que nunca en Canal Sur. “Necesito vuestras mejores chirigotas contra Sánchez. Chirigotas objetivas, honestas y que reflejen la sociedad tal y como es y mi victoria en las primarias del PSOE”, ha pedido. Al finalizar su parlamento, se ha podido ver a Díaz muy emocionada mientras los asistentes coreaban “presidenta, presidenta”. La nota curiosa de la jornada ha sido el descuido de Díaz, que no se ha dado cuenta de que los micrófonos seguían encendidos y la multitud ha podido escucharla dirigiéndose a los becarios encargados de abanicarla. “Podríamos haber hecho cosas grandes”, ha dicho. Justo antes de que alguien se percatara y apagara los micrófonos, se ha oído a uno de los jóvenes diciendo “gracias, Faraona”.
politica||El diario El País añade a su nombre la frase “se va a la mierda”||Tras difundir el borrador de la ley de ruptura de la Generalitat, informar de los resultados de las primarias del PSOE y publicar un duro editorial dedicado a la victoria de Pedro Sánchez, el diario El País ha decidido rendirse ante lo inevitable no sin antes añadir un “se va a la mierda” a su cabecera. “El País se va a la mierda y, como va para largo, hemos decidido constatar este hecho en el nombre mismo del periódico”, asegura el director del rotativo, Antonio Caño. El renovado “El País Se Va A La Mierda” quiere reforzar con su nuevo nombre su compromiso de ser un reflejo de la realidad y constatar “la extraordinaria deriva politica del momento”. La posición del diario a favor de Susana Díaz y la reacción que ha tenido tras la derrota de ésta ha creado bastante revuelo entre sus lectores habituales. Los comentarios en la web del diario lo demuestran: “¿Desde cuándo El País se ha posicionado a favor de un candidato? ¿Dónde quedan esos ideales de antaño en los que su única ideología era la de las grandes corporaciones?”, escribía un lector. Igualmente criticada ha sido la viñeta de El Roto de hoy, que publicaba a una especie de señor garabateado con el pelo amarillo, diciendo “Pedro Sánchez, los huevos me los vas a comer”. Sin embargo, el dibujo ha sido muy compartido en redes por los que opinan que El Roto ha sido tan certero como siempre. Por su parte, Forges ha añadido a sus viñetas el lema “Y no te olvides de Patxi López”. A última hora, fuentes de El Mundo han informado de que le añadirán al nombre del diario las expresiones “Que paren” y “que yo me bajo”.
politica||Podemos propone presentar la moción de censura contra Rajoy y esperar a que él mismo la apruebe por error||Unidos Podemos ha asegurado hoy que tiene más motivos que nunca para seguir adelante con la moción de censura contra Mariano Rajoy. La formación morada recuerda que el presidente votó ayer contra sus propios presupuestos en el Congreso y considera que las probabilidades de que apoye también por error una moción de censura contra sí mismo “son suficientemente altas como para probar suerte”. El PSOE, que hasta ahora se debatía entre el no y la abstención a la moción de Podemos, admite que la anécdota de ayer clarifica las cosas. “A estas alturas, confiamos más en el azar y el equívoco que en los cauces democráticos”, reconocen fuentes del entorno socialista, que podría por tanto confirmar en breve su apoyo a la moción. “El caos lo llevó al poder y sólo el caos puede echarlo”, reiteran desde Unidos Podemos. El incidente de ayer en el Congreso preocupa en el Partido Popular, que al investigar los detalles del error de Mariano Rajoy comprobó que éste “no se aclara” con el sistema de votaciones y ha estado votando en contra de lo que quería desde que fue elegido diputado en las primeras elecciones autonómicas gallegas de 1981.
politica||Iglesias encarga a Íñigo Errejón que dirija “Podemos Junior”||La Asamblea de Podemos ha acordado que Íñigo Errejón dirija “Podemos Junior”, la versión infantil del partido de Pablo Iglesias, quien se impuso ayer en la votación ante las bases. Tras la derrota del portavoz parlamentario del partido, Iglesias no ha tardado en desvelar el futuro político de éste y ha asegurado que estará en la “primera línea junior”, según ha considerado este lunes en una entrevista en Radiocable. Para Iglesias, las ideas de Errejón -que perdió ayer con su lista a la dirección- son esenciales para “la izquierda infantil de España”, por lo que su elección como líder de “Podemos Junior” ha sido una decisión fácil. “Ha perdido la carrera para dirigir el Podemos normal de los mayores pero no tendrá ningún problema dirigiendo la versión para niños”, ha dicho Iglesias sobre su ‘número dos’. “Confío en que Íñigo entenderá que en Podemos Junior se le necesita y no dudo que aceptará el cargo”, ha insistido. “Si encontramos un Parlamento que, en vez de leones en la puerta, tenga gatos o Pokémon, Errejón no tendrá problema en seguir siendo nanodiputado”, ha repetido el líder entre risas. A última hora, Errejón se ha visto obligado a acudir a una rueda de prensa ante niños periodistas a los que ha convocado el propio Iglesias.
politica||Los sondeos electorales siguen confirmando el “sorpasso” de Podemos dos días después de las elecciones||Un sondeo difundido por Sigma Dos esta mañana, dos días después de haberse celebrado las Elecciones Generales, apunta a que el PSOE dejaría de ser la segunda fuerza en España. El PP obtendría un 30,4% de los votos y entre 121 y 124 escaños. La segunda posición sería para Unidos Podemos, que obtendría un 24,8% de los votos y entre 87 y 89 escaños. Para el PSOE se cumplirían, por tanto, los malos pronósticos: los socialistas quedarían por debajo del partido de Pablo Iglesias tanto en porcentaje de voto como en escaños. Ciudadanos sufriría una fuerte pérdida de escaños: obtendría un 13,2% de los votos y 29 y 32 escaños, según Sigma Dos. Los datos son muy parecidos a las encuestas del CIS, Gad3 y NC Report, que confirman también el “sorpasso” y coinciden en que la intención de voto en España a día de hoy es nula. “No hay que fiarse de las encuestas pero todo parece indicar que estaremos en posición de ofrecer al PSOE algún tipo de alianza desde una posición de superioridad”, ha declarado Pablo Iglesias a primera hora de la tarde. Los sondeos dan un respiro a su formación, muy preocupada tras los resultados del pasado domingo.
economia||Guindos pide a los españoles que rescaten el Banco Central Europeo||“Mi intención es empezar mi labor en el BCE aportando a la entidad una inyección de 100.000 millones de euros con el apoyo de todos los españoles”. Lo ha dicho Luis de Guindos esta tarde en Bruselas, después de que el Eurogrupo confirmara su apoyo a que sea el nuevo vicepresidente del Banco Central Europeo, tal vez la institución económica más poderosa de la Unión Europea. Guindos se ha propuesto “empezar con buen pie con un gesto que impresione a nuestros socios en Europa” pero ha reconocido que “no puedo hacerlo solo porque es mucho dinero”. “No habrá ningún tipo de condiciones macroeconómicas o fiscales”, ha aclarado el aún ministro de Economía, recordando que hace más de cinco años que España tiene una posición “poco destacada” en los puestos de más relumbrón de las instituciones internacionales y europeas, y que por tanto conviene aprovechar su nombramiento para “dar un golpe de efecto”. Insiste en que España “ya ha salido de la crisis” y por tanto “se lo puede permitir”. Reitera además que no está pidiendo nada que no haya pedido antes. “Llegar al BCE con un rescate bajo el brazo, transmitiendo la idea de que el dinero no es un problema para nosotros, no solo reforzará mi papel como vicepresidente sino el de todos los españoles como socios de confianza”, ha comentado. “En realidad es una inversión”, ha llegado a argumentar. Si el presidente Mario Draghi finalmente acepta esta “donación en condiciones muy favorables para que las entidades europeas que lo necesiten se recapitalicen”, Guindos considera que España habrá hecho “el mejor papel” y que “Europa nos deberá una”. Ante la insistente pregunta sobre cuándo dimitirá de sus funciones de ministro, Luis de Guindos ha señalado repetidas veces que será “en los próximos días” pero que “me tienen que enseñar cómo se hace porque no he dimitido nunca ni conozco a nadie que lo haya hecho, la verdad”.
economia||La Comisión Europea duplica la previsión de crecimiento económico de Teresa González, de Terrassa, hasta el 1%||Cuatro años después del inicio de las diversas oleadas de recortes y reformas, el déficit público español sigue por encima del 7% del PIB, pero la Comisión Europea vislumbra una tenue mejoría en la economía de Teresa González, de Terrassa, a la que augura un crecimiento del 1% este año, el doble de lo previsto hasta ahora, y del 1,7% en 2015 confiando en que el Toño, su marido, consiga un trabajo “al menos a media jornada, para ir tirando”. “La reactivación es más firme y el reequilibrio en casa de Teresa continúa pese al agujero que dejó este invierno el incidente con la calefacción y pese a las dos bodas que tienen este verano: la de la prima Olga y la de Ester, la hermana del Toño”, ha afirmado Olli Rehn, el comisario del organismo. “De todos modos, hemos querido revisar las previsiones para Teresa porque estamos convencidos de que las cosas le van a ir de miedo porque ella se lo merece”. “Que sí, chica, Teresa, tú haznos caso, nena”, ha insistido Rehn en una rueda de prensa esta mañana. “Ya verás como sí, cariño, no llores”, ha añadido. Pese al optimismo inicial, la inflación seguirá en torno al 1% en 2014 y al 1,3% en 2015, lejos del mandato del BCE, pero Rehn ha querido trasladar a Teresa González, de Terrassa, que “ellos qué sabrán, no hagas caso a nadie, ¿me oyes? A nadie. Escúchame y repite: solo tú sabes lo que te mereces”. Pese a todo, la deuda pública y privada y la amenaza de la crisis japonesa podrían hacer renquear a un mercado peligroso que podría dificultar el ajuste de la periferia con graves problemas de sostenibilidad de deuda. Sin embargo, a Teresa González de Terrassa las cosas le van a sonreír “porque ya le toca”. Esta misma mañana, varios medios reseñaban también cómo un comité formado por premios Nobel de Economía trasladaba a Teresa que “Dios aprieta pero no ahoga, mujer”.
economia||El presidente del Banco Central Europeo pregunta por qué siempre hay que hablar “del puto dinero”||Mario Draghi, presidente del Banco Central Europeo (BCE), recordó ayer en una entrevista de la cadena pública alemana ZDF que “existen otras cosas aparte del maldito dinero” y declaró estar “hasta los cojones de que me pregunten siempre por la puta economía”. Sin querer ocultar su hartazgo, Draghi enseñó a cámara la pantalla de su teléfono móvil, que mostraba la fotografía de una niña. “Esta es mi sobrina Antonella. Mírenla bien porque solo hablaré de ella esta noche”, exclamó. El presidente de la autoridad monetaria europea declaró que sigue “enamorado de la vida” y que Europa es “un continente lleno de bellas flores y paisajes en el que no solo hay monedas de euro, a ver si se enteran todos ustedes”. Draghi recalcó también que “el BCE, como cualquier banco, es una fábrica de sueños e ilusiones” y lamentó que la obsesión por la crisis de la zona euro “nos haya hecho olvidar que la mayor riqueza es la que emana de la sonrisa de un niño”. El discurso del italiano arrancó los aplausos del auditorio, pero Draghi pidió a los presentes que no perdieran el tiempo aplaudiéndole y que salieran a la calle “a reír, a amar y a recuperar el contacto con las emociones”.
economia||El BCE culpa de la crisis a los gráficos con curvas descendentes||Mario Draghi, presidente del Banco Central Europeo (BCE), ha enviado un comunicado a la directora gerente del Fondo Monetario Internacional (FMI), Christine Lagarde, al comisario de Economía de la Unión Europea (UE), Olli Rehn, y a sus homólogos europeos, subrayando la necesidad de “hacer frente a los gráficos que incluyen curvas rojas descendentes”. Un reciente informe encargado por el Consejo General del BCE relaciona la proliferación de este tipo de gráficos estadísticos con el avance de la crisis económica. “Donde haya una curva roja que va hacia abajo, una tabla con barras de colores cada vez más pequeñas o un quesito de porciones muy estrechas, habrá una empresa, una entidad bancaria o una institución de gobierno con problemas financieros”, sentencia Draghi. El informe en el que se sustenta esta tesis se ha realizado precisamente “con numerosos gráficos con curvas que confirman el aumento de gráficos con curvas, siendo las que van hacia abajo mucho más frecuentes que las verdes que van hacia arriba, en contraste con otras épocas en las que la situación era la inversa y el estado de la economía también”. La presencia cada vez mayor de programas informáticos como el Power Point en el ámbito doméstico habría facilitado también el impacto de la crisis en las pequeñas y medianas empresas. “Ahora cualquiera puede hacer un gráfico rojo que lleve a la quiebra”, alerta el BCE. En su comunicado, el presidente del BCE apunta “medidas urgentes de aplicación inmediata” para atajar la nefasta influencia de los gráficos mientras se profundiza en el análisis del fenómeno. Entre dichas medidas, está la necesidad de “dejar de hablar de números rojos porque los números no son de ningún color y además se han detectado alusiones al rojo en todas las situaciones que han derivado en crisis”. Se prohíben, desde luego, las presentaciones que incluyan gráficos con curvas descendentes y se insta a los responsables de gobiernos, bancos y empresas a “localizar en sus informes internos todas las estadísticas con curvas hacia abajo con el fin de destruirlas o bien girarlas 180 grados cambiando el verde por el rojo, en el caso de que los programas con los que se han elaborado lo permitan. Si son gráficos impresos que no se pueden editar, urge quemarlos o triturarlos hasta su completa aniquilación”. Las curvas descendentes “actúan como un virus” El informe presentado por el Consejo General del BCE ha monitorizado el envío a través de correo electrónico de miles de gráficos con curvas descendentes. “El carácter global de la crisis tiene su raíz en el envío de gráficos con curvas rojas de un país a otro sin controles de ningún tipo. Los gráficos descendentes han campado a sus anchas haciendo nido en empresas de cualquier territorio que han visto cómo sus ingresos decrecían al ritmo marcado por las curvas”, ha explicado Mario Draghi. El BCE recomienda “ignorar los gráficos estadísticos hasta que estén bien y alertar a las autoridades cada vez que se reciba un documento con curvas descendentes”.
economia||El BCE vuelve a bajar los tipos de interés “vistas las reacciones de la peña en Twitter”||Con la idea de impulsar la ralentizada economía europea, el Banco Central Europeo (BCE) bajó ayer los tipos de interés en 25 puntos básicos, del 0,75% al 0,5%, el nivel más bajo de toda la historia del euro. La nueva estrategia del BCE ha reportado miles de “retweets” La decisión, comunicada en Bratislava por el presidente de la entidad, Mario Draghi, provocó un gran revuelo en los mercados y en las redes sociales. “Más de siete mil ‘retweets’ a los cinco minutos de hacerlo público, esto es una pasada”, apuntaba Draghi ayer por la tarde, sin despegarse de su Blackberry. “¿Pero has visto cuántos ‘followers’? Lo estamos petando, joder”, comentó a un compañero. La buena acogida en Twitter de la rebaja de los tipos de interés ha llevado al BCE a repetir la jugada: esta mañana, Mario Draghi ha vuelto a comparecer para anunciar que los tipos se rebajaban nuevamente, llegando al 0’2%. Dicho lo cual se ha quedado mirando la pantalla de su Blackberry, refrescando compulsivamente la aplicación de Twitter. “¿Ves? Cuatrocientos ‘retweets’ y subiendo. Y le acabo de dar a publicar, lo habéis visto todos. Esto es la hostia”, ha dicho. Sin disimular su entusiasmo, y mirando de reojo la Blackberry, el presidente del BCE ha asegurado a los periodistas que “tipos de interés más bajos implican más seguidores en Twitter, y más seguidores implican más cohesión, más fortaleza y más Europa”. “Y ahora les dejo, que lo voy a poner en Facebook porque esto está ‘on fire'”, ha concluido.
economia||Un error administrativo manda a Luis de Guindos a Eurovisión y a Amaia al Banco Central Europeo||Las prisas han llevado al Gobierno a anunciar este miércoles que España presenta a Luis de Guindos como candidato a Eurovisión, precisando que el ministro interpretará el tema “Tu canción” el próximo 12 de mayo en Lisboa. El Ejecutivo ha aclarado que, mientras dure la carrera por el primer puesto en el certamen, Guindos no abandonará su cargo al frente del Ministerio de Economía español. Paralelamente, y dos horas después de haber hecho el primer anuncio, el Gobierno ha comunicado también que la concursante de Operación Triunfo Amaia opta al puesto de vicepresidenta del Banco Central Europeo (BCE), que queda vacante a partir del 31 de mayo. La artista nacida en Pamplona competirá con el irlandés Philip Lane, gobernador del banco central de su país y poseedor de un currículo académico brillante, aunque no tanto como el de Amaia en cuanto a calidad vocal se refiere. El Ejecutivo ha aclarado que, mientras dure la carrera por convertirse en la nueva lugarteniente de Mario Draghi, Amaia no abandonará el programa de Televisión Española. “Soy optimista, el escenario que contemplo es que España consiga el puesto”, han declarado Luis de Guindos y Amaia Romero, ambos convencidos de que tienen posibilidades. “Hemos recabado importantes apoyos. Hay una posibilidad muy clara”, han dicho los dos. Draghi, que tiene un papel consultivo en este asunto pero atesora un capital político sin igual en la UE, se decanta por Lane pero no bloqueará el nombramiento de Amaia si al final es la elegida, según las fuentes consultadas. Por su parte, el Ejecutivo de Rajoy considera que, a diferencia del candidato del año pasado, Guindos ha sido “un sólido embajador de la economía española en los mercados internacionales y un modernizador de nuestras estructuras económicas”, por lo que este año se podrá demostrar que un ministro puede llegar a lo más alto en Eurovisión.
economia||El Gobierno confirma el fin de la crisis porque los españoles ya están volviendo a vivir por encima de sus posibilidades||El ministro de Economía, Luis de Guindos, ha afirmado esta mañana en un encuentro de empresarios que “la economía española se encuentra en el mejor momento de crecimiento desde el inicio de la crisis”. El Producto Interior Bruto (PIB) está registrando un acelerón económico y los españoles han vuelto a vivir por encima de sus posibilidades, retomando con la ayuda de créditos bancarios una carrera de progresivo endeudamiento. Este nuevo contexto permite, pues, al Gobierno dar por zanjada la dura etapa de crisis económica. Superado este largo periodo, las cajas de ahorros se han lanzado de nuevo a competir por la cuota de mercado con la laxa supervisión por parte de la autoridad monetaria y se atisba ya una nueva burbuja inmobiliaria “que ha retomado el brío de antaño”, en palabras de De Guindos. El reto de la sociedad española es, según el titular de Economía, “dejar atrás la parálisis que arrastramos después de tantos años de recesión y lanzarnos a comprar vivienda aprovechando que las constructoras están sembrando el terreno propicio para la especulación y el endeudamiento”. De Guindos confirma que la salud de la economía “es palpable y la gente está empezando a consumir y a aumentar su nivel de vida sin tener en cuenta el poder adquisitivo real, generando esa sensación de riqueza y bienestar fundamental para proyectar la imagen de una economía fuerte”.
economia||Venezuela sería el país más rico del mundo si no financiara a Podemos||Según un informe difundido esta mañana por el Fondo Monetario Internacional (FMI), Venezuela sería el país más rico del mundo si no financiara a Podemos. Sin el lastre económico que supone la formación liderada por Pablo Iglesias, los venezolanos disfrutarían de un producto interno bruto de 443.191 millones de dólares, situándose por encima de países como Catar o Luxemburgo. El presidente de la República Bolivariana de Venezuela, Nicolás Maduro, ha comentado escuetamente los datos aportados por el FMI y se ha limitado a recordar que “la prioridad de este país nunca ha sido el gran capital sino el compromiso con nuestros valores”. Ha aprovechado para anunciar una inyección adicional de 34 millones de dólares para financiar la campaña electoral de Podemos, que es, en sus propias palabras, “una de nuestras prioridades” y que está, ha insistido, “muy por encima de la importancia que algunos dan a los rankings”. En España, Pablo Iglesias ha atribuido el informe del FMI “a las ganas que tienen algunos de desacreditar las fuerzas del cambio” y ha prometido que destinará “el dinero que haga falta” a querellarse contra quienes insinúen que su partido está siendo financiado por Venezuela. Gran parte de la ciudadanía venezolana se pregunta en estos momentos quién es Pablo Iglesias y cuándo está previsto que devuelva el dinero.
economia||El FMI pide a España “que suba aquí y baile”||El Fondo Monetario Internacional (FMI) considera que España todavía cuenta con margen significativo para adoptar algunas medidas más aparte del abaratamiento del despido y la subida del IVA. En las conclusiones preliminares de su ‘Artículo IV’ sobre España, los técnicos del FMI proponen al gobierno de Mariano Rajoy “que suba aquí y baile”. Por otro lado, el FMI plantea la necesidad de aprovechar la mayor flexibilidad proporcionada por la reforma laboral de 2012 para “que se arrodillen un poquito y me coman todo lo de abajo, que es una potencial fuente de ingresos”, ha precisado la directora gerente de la entidad, Christine Lagarde. El jefe de la misión del Fondo Monetario Internacional (FMI) para España, Helge Berger, ha pedido “un esfuerzo más” a los españoles consistente en “un masajito en los pies y una tapita de jamón, que llevo toda la mañana en el avión de aquí para allá”. “¿Ha quedado claro todo? ¿Habéis tomado nota? Pues venga, a currar o a tomar por culo, que contentita me tenéis”, ha concluido Lagarde.
economia||Soñar dejará de ser gratis a partir de septiembre||Según ha podido saber este diario, el Ministerio de Economía estaría estudiando imponer un tributo por soñar. El ministro de Hacienda y Administraciones Públicas, Cristóbal Montoro, ha aclarado algo más acerca de cómo van a ser los próximos ajustes que el Gobierno prepara para este mes de septiembre. “Estamos en un tránsito hacia una fiscalidad mayor en el ámbito de la imposición indirecta. Soñar no puede seguir saliendo gratis. No es una necesidad básica: es un artículo de lujo”. La Comisión Europea ha criticado la medida por considerar que va en dirección contraria a las recomendaciones de la Unión Europea, más partidaria de gravar la tributación vinculada al consumo. El gravamen de los sueños es una vieja aspiración del sector empresarial, que con la crisis se ha ido convirtiendo en una necesidad. No es la primera vez que el Gobierno habla de esta posibilidad para impulsar la productividad. “El rendimiento de un soñador puede llegar a ser hasta un 60% inferior al de un trabajador capaz de vivir en la realidad y de mantener su imaginación a raya”, asegura el presidente de la patronal, Juan Rosell. De acuerdo con el Plan de Estabilidad presentado por el Ejecutivo a Bruselas, la cotización de los sueños aumentará los ingresos del Estado el año próximo en cinco décimas. Para 2016 y 2017 la previsión es que el peso sobre el PIB se incremente en siete décimas más. Cristóbal Montoro aseguró ayer en El Escorial que “nuestros sueños se pagarán poco en comparación con otros países” y que, además, “pagarán quienes tengan que pagar”. Soñar con La Roja será más barato El FMI y la Comisión Europea se han mostrado partidarios de imponer una tasa a los soñadores en numerosas ocasiones. Eso sí, ésta no afectaría a aquellos que sueñen con los triunfos de La Roja o de Rafa Nadal. Al menos es lo que ha transmitido el presidente de Baleares, José Ramón Bauzá. “Debemos imponer una mayor carga fiscal sobre aquellos sueños que fomenten las aspiraciones personales e inciten a anhelar un mayor nivel de vida o un futuro mejor”, manifestó ayer Bauzá en un desayuno informativo. “Los sueños colectivos relacionados con el deporte no deberían tributar ya que al fin y al cabo se trata de logros ajenos. Que la ciudadanía viva esas aspiraciones como propias solo es producto de sus limitaciones intelectuales. Podemos cobrarles por soñadores, pero no por tontos”.
economia||Ir tirando será un 30% más caro en 2014||Según las últimas previsiones del Fondo Monetario Internacional (FMI), ir tirando será un 30% más caro el año que viene en España. De cumplirse este dato anunciado esta mañana por el jefe del departamento de estudios del FMI, Thomas Helbling, el 26% de los españoles que en 2013 han tragado con todo no podrán seguir aguantando lo que les echen aunque pongan toda la carne en el asador. Habrá que joderse como mínimo hasta 2018 “De cada diez españoles que este año han ido trampeando como han podido, cuatro se vendrán abajo al no poder seguir cargando con el muerto”, augura Christine Lagarde, directora gerente del FMI. El resultado, según esta institución, será una importante subida del índice de apechugamiento por habitante, que llegará al 66’4% y se situará entre los más altos de la zona euro. Asimismo, el Banco de España ha confirmado esta semana que las entidades financieras que, tras verse pilladas con el carrito del helao, han ido escurriendo el bulto pasando a otros el marrón, no podrán evitar que la mierda les llegue hasta el cuello a mediados del año que viene. Además, la actual tasa de endeudamiento podría llegar hasta la polla. El FMI concluye que “los españoles que en estos momentos no pueden con su alma, pasarán de estar hasta la coronilla a las mismísimas pelotas”, por lo que recomienda al Gobierno que tome medidas urgentes para evitar que “el nivel de ciudadanos que se van echando hostias no supere el 60% entre los menores de 25 años, un sector clave de la población que actualmente tiene que joderse”.
futbol||El Barça aprovecha sus noventa minutos de descanso en Roma para sentenciar la Liga||Girona 0-1 Betis Los jugadores del Betis siguen ganando partidos porque no son conscientes de que, si se clasifican para la Europa League, el año que viene tendrán que trabajar más horas. Sevilla 2-2 Villareal Partido marcado por el hecho de que me fastidió totalmente la Quiniela forzándome a escribir esta crónica una semana más. Barcelona 2-1 Valencia Los catalanes llegaron muy frescos al partido gracias a su estrategia de descansar durante noventa minutos en Roma y sentenciaron la Liga imponiéndose al Valencia. Leganés 1-0 Celta El Leganés lleva todo el año ganando partidos y solo tiene 39 puntos, y el Celta lleva todo el año perdiendo partidos y tiene 43. Ésa debe de ser la magia del futbol de la que tanto se habla. Las Palmas 0-1 Real Sociedad Los canarios demostraron ser gente muy previsora y ya han asegurado su plaza en la Segunda División para no encontrarse con sorpresas de última hora. Athletic 2-3 Deportivo El Deportivo ya es el Manuel Fraga del futbol, por muchas veces que los den por muertos, ellos siguen aferrándose a la vida. Eibar 0-1 Alavés Este fue un partido de los que crean afición, en concreto creó afición en cualquier otro deporte que no sea el futbol. Atlético 3-0 Levante El Atlético selló matemáticamente su participación en la próxima edición de la Champions, la cual no ganará ni de broma. Getafe 1-0 Espanyol En este encuentro se vio claramente la necesidad de empezar a aplicar la tecnología en el futbol para que se puedan simular partidos sin necesidad de jugarlos como ya se hace en los videojuegos. Málaga 1-2 Real Madrid El Real Madrid consiguió ganar en Málaga a pesar de que los jugadores de la Juventus seguían persiguiendo y protestando al árbitro provocando menos fluidez en el centro del campo.
futbol||El Real Madrid se acerca un pasito más al gran objetivo de que Cristiano Ronaldo sea Pichichi||Levante 2-1 Eibar Los jugadores del Levante seguirán un año más compitiendo en primera, ya se les conoce como los Fernando Alonso del futbol. Deportivo 1-1 Las Palmas Los gallegos todavía se están adaptando a los métodos de Seedorf, sin duda el más revolucionario es el de jamás ganar un partido pase lo que pase. Valencia 3-1 Alavés Mestalla volvió a ser una fiesta. Cuando el año que viene pidan la cabeza de Marcelino, la dimisión del presidente y que se vayan los mercenarios de los jugadores, sin duda la afición recordará días como el del sábado con cariño. Real Sociedad 1-2 Getafe Los jugadores de la Real no levantan cabeza y así es muy difícil encontrar al compañero desmarcado. Deberían empezar a corregir eso. Betis 3-0 Espanyol Al Betis no le afectó el hecho de no jugar en lunes y consiguió una injusta victoria ante el que, para mí, de lejos, es el mejor equipo de la historia del futbol. Leganés 2-1 Sevilla El Sevilla se resintió del esfuerzo de ganar al Manchester United en Old Trafford el pasado martes; no es la primera vez que un grupo de andaluces va a Inglaterra y se vuelve a los dos días, pero sí la primera vez que lo hacen como triunfadores. Barcelona 2-0 Athletic A pesar de la victoria, el Barça vio cómo sus competidores le acortaban distancias en el premio Pichichi. Los catalanes empezaron muy bien la temporada pero ya se están deshinchando. Villareal 2-1 Atlético El Atlético se quedó fuera de la lucha por el título de Liga, pero no les afectó en absoluto porque es el trofeo menos importante de todos. Celta 0-0 Málaga Si crees que tu lunes está siendo malo, recuerda que hay gente que pagó por ver este partido. Real Madrid 6-3 Girona El Real Madrid se acercó un pasito más a su gran objetivo de la temporada: que Cristiano Ronaldo sea Pichichi. Como ya no importa lo más mínimo lo que se haga porque la Liga está imposible, los aficionados blancos están eufóricos porque su astro portugués se convierte en una máquina de hacer goles.
futbol||Tras sentenciar la Liga Española, el Barça se prepara para ganar la Liga Belga||Villareal 0-2 Girona El Girona se llevó tres puntos del encuentro contra el Villareal pero enseguida se los envió al Barça demostrando lo buenos vecinos que son.  Sevilla 2-0 Athletic Sevilla vivió un día histórico: once andaluces se esforzaron más que once vascos. Muchos aficionados bilbaínos comienzan a sospechar que el equipo de este año está compuesto por once Dani Roviras.  Deportivo 1-1 Eibar Al ver que los jugadores del Deportivo le ponen empeño pero son incapaces de marcar goles, el portero del Eibar, en un precioso acto de “fair play”, se metió en propia el empate. Bonito gesto de los visitantes.  Leganés 2-0 Málaga Tras 27 jornadas, el Málaga sólo suma 13 puntos. En el próximo partido, un avión de Unicef lanzará puntos sobre el estadio de la Rosaleda para intentar ayudarles a salir del pozo.  Real Madrid 3-1 Getafe El Madrid consiguió una abultada victoria ante el Getafe provocando la lesión de tres nuevos jugadores del PSG.  Levante 1-1 Espanyol El Espanyol mereció mucho más en su visita a Valencia. El equipo de Quique Sánchez Flores está haciendo una temporada extraordinaria que lamentablemente no se ve reflejada en la clasificación. Sea por los árbitros o por la maldita mala suerte, al equipazo perico se le están escapando unos puntos que no se le deberían escapar. Lo normal, con esta afición, estos jugadores y toda su masa social en general sería que este histórico club estuviera mucho más arriba en la tabla. Afortunadamente, el futbol no son sólo resultados y por eso los amantes de este deporte podemos gritar bien alto que hemos tenido la suerte de ver jugar a este Espanyol.  Barcelona 1-0 Atlético El Barça sentenció prácticamente la Liga gracias a que Valverde le ganó la partida táctica a Simeone; el Atlético salió con un 4-4-2 y el Barça salió con Messi. Ahora los catalanes ya se preparan para nuevos retos, como ganar la Liga Belga.  Real Sociedad 2-1 Alavés La Real consiguió volver a la senda de la victoria gracias a la última actualización de Google Maps. Ahora sólo les queda poner Europa en el buscador y esperar a que haya suerte.  Valencia 2-0 Betis El Valencia está haciendo una temporada tan buena que muchos de sus aficionados han tenido que empezar a silbarse a ellos mismos. Algunos socios han llegado a pedir su propia destitución al no poder pedir la marcha de su entrenador.  Celta – Las Palmas Pero bueno, ¿la Champions no se jugaba los martes y miércoles? Empezar la semana con emociones tan fuertes debería estar prohibido.
futbol||Descubren que el ser humano es incapaz de pitar un penalti en contra del Barça||Girona 3-0 Leganés Los catalanes hicieron un gran partido pero el protagonismo se lo llevó Cristiano Ronaldo, que con sus dos goles al PSG dejó la eliminatoria prácticamente sentenciada.  Las Palmas 1-2 Sevilla El Sevilla sumó tres puntos importantes, pero no tan importantes como la victoria del Real Madrid ante el PSG, que lo pone con un pie y medio en los cuartos de final de la Champions.  Eibar 0-2 Barcelona Los locales reclamaron un penalti de Sergio Busquets en vano porque se ha descubierto que el ser humano es incapaz de pitar un penalti en contra del Barça. La anatomía humana todavía no permite introducir aire en un silbato en el interior del área culé a pesar de los millones de años de evolución. Donde el ser humano sí puede pitar penaltis es en el área del PSG, y gracias a eso se pudo ver una gran definición de Ronaldo, que acercó al Real Madrid un poquito más a la gloria.  Alavés 1-0 Deportivo El Alavés siguió con su buena racha, pero si hablamos de rachas buenas, la que tiene el Real Madrid en Europa es mucho mejor; el pasado miércoles la alargó ganando al PSG y se acercó a su tercera Champions consecutiva.  Málaga 1-2 Valencia El Valencia ganó por 2-1 al Málaga, muy parecido al resultado que obtuvo el Real Madrid ante el PSG en Champions, que fue de 3-1. Prácticamente el mismo.  R. Sociedad 3-0 Levante La Real Sociedad aplastó al Levante en su casa, exactamente lo que hizo el Real Madrid con Neymar, Cavani y Mbappé. Ahora toca esperar rival en la siguiente ronda y seguir dando alegrías al madridismo.  Atlético 2-0 Athletic El Atlético de Madrid continúa vivo en la lucha por el título de Liga después de derrotar al Athletic de Bilbao en el Estadio Metropolitano, que curiosamente se encuentra a pocos kilómetros del Bernabéu, donde el pasado miércoles el Real Madrid ganó al PSG con dos goles de Ronaldo.  Espanyol 1-1 Villarreal Reparto de puntos en Cornellà. Entre los dos equipos sumaron los mismos goles que Ronaldo en el duelo de Champions contra el PSG, el cual ganaron por bastante diferencia.  Betis 3-5 R. Madrid El Real Madrid volvió a ganar por un resultado abultado, tal y como ya había hecho entre semana contra el PSG en los octavos de la Champions. Obviamente Ronaldo volvió a marcar y ya vuelve a ser el número uno.  Getafe – Celta Partido marcado por el hecho de que se jugará sólo cinco días después de la exhibición del Real Madrid en el Bernabéu contra el PSG; esperemos que, a pesar de los nervios, los jugadores sean capaces de dar un buen espectáculo.
futbol||El PSG pide aplazar el partido de Champions tras ver los tres goles de Cristiano Ronaldo||Athletic 0-0 Las Palmas Tras gastarse 32 millones de euros en el defensa Iñigo Martínez, el Athletic consiguió mantener su portería a cero; ahora sólo les queda gastarse otros 32 millones en un delantero y podrán empezar a ganar sus partidos.  Villarreal 1-2 Alavés A pesar de estar en los puestos bajos de la tabla, el Alavés se llevó los tres puntos del campo del Villareal. La directiva local, totalmente desolada, ya ha anunciado que dejarán de comprar sus jugadores en el Mercadona por muy baratos que les salgan.  Málaga 0-1 Atlético El Atleti marcó gol a los 40 segundos de empezar el partido. Los madrileños aseguraron que era la primera vez que les pasaba y los malagueños trataron de quitarle importancia diciendo que, con tanta gente mirando, es normal ponerse nervioso, pero aún así parece probable que los dos equipos no vuelvan a jugar juntos nunca más.  Leganés 0-1 Eibar Tras ganar al Leganés, el Eibar empieza a mirar a Europa. Desde aquí no podemos dejar de recomendarles la Selva Negra, en el suroeste de Alemania y el Mont Saint-Michel en el norte de Francia.  R. Madrid 5-2 R. Sociedad Tras conseguir golear a un equipo vasco, los aficionados del Madrid son conscientes de que la paliza que le pueden meter a los pobres franceses que vienen el miércoles puede ser histórica. El PSG ha solicitado el aplazamiento del partido tras ver los tres goles de Cristiano Ronaldo porque no se sienten preparados para afrontar el vendaval blanco.  Sevilla 1-0 Girona Sergio Rico, el portero del Sevilla, se vistió de superhéroe para salvar el partido. Al principio fue un poco raro porque los aficionados no entendían que llevase mallas ajustadas y un calzoncillo por fuera, pero a medida que fueron pasando los minutos se acabaron acostumbrando. El momento más complicado para el portero se produjo después del encuentro, cuando tuvo que ducharse y cambiarse en una pequeña cabina de teléfono mientras sus compañeros lo hacían en el vestuario.  Barcelona 0-0 Getafe La afición del Barça se pasó los 90 minutos en silencio para evitar que Piqué les mandase callar. Para no molestar a nadie con las celebraciones de los goles, los jugadores catalanes optaron por ni siquiera intentar marcar gol en un bonito gesto de conciliación.  Celta 2-2 Espanyol El Espanyol de Cornellà consiguió sacar un empate en los minutos finales ante el Celta de O Porriño.  Valencia 3-1 Levante Mestalla se llenó para ver el derbi valenciano, en la grada se contaron 55.000 aficionados, 300 kilos de cocaína y 250.000 pastillas de metanfetamina.  Deportivo – Betis Esta noche debuta Clarence Seedorf como entrenador del Deportivo de la Coruña. El éxito de su gestión todavía es una incógnita, pues es la primera vez que once gallegos tienen que hacer caso a las órdenes de un negro
futbol||Arqueólogos encuentran vestigios del último penalti pitado en contra del Barça||Athletic 1-1 Eibar A pesar del empate, los dos equipos vascos se llevaron los tres puntos porque el árbitro no tuvo cojones de decirles que se los tenían que repartir.  Deportivo 2-2 Levante Los gallegos estuvieron a punto de salir del descenso pero, al no estar acostumbrados a verse tan arriba en la tabla. les entró vértigo y se dejaron empatar con dos goles en los últimos minutos.  Valencia 1-4 R. Madrid El Real Madrid volvió a ser el equipo que aterroriza a toda Europa demostrando que los árbitros les pueden pitar hasta dos penaltis antes del descanso.  Málaga 0-0 Girona Dios, más centrado en la Liga Brasileña, se olvidó de ayudar a los jugadores de este partido a marcar goles y el público que acudió al estadio se fue a casa bastante decepcionado.  Villarreal 4-2 R. Sociedad El Villareal volvió a ganar y sigue queriendo quitarle la cuarta plaza al Real Madrid; por suerte, el Tribunal Constitucional ya está vigilando el caso.  Leganés 3-2 Espanyol Mario Hermoso marcó dos goles en propia puerta y uno en la portería rival, al llegar a casa se acostó con el vecino, sacó de paseo a la tostadora y se sentó sobre la tele a mirar el sofá.  Atlético 3-0 Las Palmas Buena victoria de los locales. Sus aficionados la celebraron durante horas provocando enormes retenciones a la salida del estadio.  Sevilla 1-1 Getafe Se notó la falta de concentración en este partido: Los jugadores del Sevilla jugaron pensando en la Copa y los jugadores del Getafe jugaron pensando en la unificación de las cuatro fuerzas de la naturaleza.  Barcelona 2-1 Alavés La remontada del Barcelona ha indignado a la mitad del país, que ha reclamado que a los catalanes no les pitan un penalti en contra desde hace años; de hecho, la última vez que le pitaron uno los jugadores del Barça aún no corrían erguidos.  Celta – Betis En el partido retrasado de esta jornada se prevé un duelo muy vistoso, pues el verde del Betis pega muy bien con el celeste de los vigueses.
futbol||El Real Madrid iría primero si se jugaran sólo las primeras partes y el único rival fuese el Deportivo||Getafe 2 -2 Athletic Los gladiadores madrileños consiguieron empatar con los leones en el Coliseum. Si hubiera habido público, probablemente les habrían perdonado la vida.  Espanyol 0-3 Sevilla Los jugadores del Espanyol acusaron el esfuerzo del partido de Copa que ganaron al Barça, en concreto acusaron el esfuerzo que realizaron a las cinco de la mañana durante las celebraciones.  Atlético 1-1 Girona Decepcionante partido de los de Simeone. Cuando consigan volver a casa desde el Estadio Wanda Metropolitano, sin duda los aficionados atléticos se mostrarán tristes.  Villarreal 2-1 Levante El Villareal ganó con facilidad al Levante en el derbi valenciano y sus jugadores lo celebraron ingiriendo todo tipo de productos Hacendado.  Las Palmas 2-1 Valencia El Valencia, tercero y con 40 puntos, dejó escapar la Liga en Canarias; el Real Madrid, cuarto y con 35 puntos, ya es el único equipo que le puede disputar el campeonato al Barça.  Alavés 2-2 Leganés Millones de personas alucinaron con este partido al darse cuenta de que tanto el Alavés como el Leganés están jugando en Primera División.  Real Madrid 7-1 Deportivo Los locales marcaron todos los goles que se les resistían durante las jornadas anteriores, ahora sólo les queda repartirlos equitativamente entre sus partidos y podrán hacerse con el primer puesto.  Real Sociedad 1-2 Celta Extraño partido el vivido en Anoeta. Para demostrar que no es racista, Iago Aspas sólo pasó el balón a los jugadores negros que había en el campo, independientemente de la camiseta que llevasen puesta. Buen gesto del futbolista gallego.  Betis 0-5 Barcelona Leo Messi demostró ser el mejor jugador de la Historia gracias a sus dos goles ante el undécimo clasificado del campeonato.  Eibar – Málaga Eso que notas en el estómago son nervios, pues ya quedan muy pocas horas para ver el mejor espectáculo deportivo del año: Eibar contra Málaga. Jordán con Iturrra. Arbilla contra Recio. Y no, no estás soñando, este partido se puede ver EN ABIERTO.
futbol||El Real Madrid se proclama campeón de invierno gracias a la mayoría de puntos silenciosa||Getafe 1-0 Málaga Los jugadores locales le cortaron la cabeza al entrenador visitante Míchel, que ya ha vuelto a su estado natural, el de sonar.  Girona 6-0 Las Palmas El equipo de Las Palmas se llevó seis goles del Girona pero, por suerte, los agentes de la aduana sólo les dejaron pasar dos, así que la derrota pareció menos abultada a su llegada a casa.  Real Madrid 0-1 Villareal El Villareal ganó por primera vez en su historia en el Bernabéu. Ahora al único equipo al que le falta ganar en el Bernabéu es al Real Madrid.  Eibar 0-1 Atlético de Madrid Algunos aficionados necesitaron reanimación cardiaca para este partido. Oblak, el portero visitante, paró todo menos el sueño de los espectadores.  Deportivo 1-2 Valencia El portero local demostró su buena hospitalidad gallega regalando un gol a su rival. Después incluso insistió a los delanteros rivales para que marcaran más, pero ya con el estómago lleno, éstos se negaron. Al acabar el encuentro, eso sí, todos se tomaron un chupito de Powerade cortesía de la casa.  Levante 0-1 Celta El delantero del Celta Iago Aspas fue acusado de racismo por el jugador local Jefferson Lerma, que asegura que lo llamó “negro de mierda”. Pero justo después, al jugador gallego le sacaron una foto con Pione Sisto, el único jugador negro de la plantilla del Celta, demostrando que no le da asco tocarlo ni nada. El departamento de prensa vigués volvió a estar de diez.  Alavés 1-0 Sevilla Los vascos aprovecharon que el equipo sevillano sigue mermado por la plaga de peste que asola su ciudad y se impusieron con facilidad. Hasta que no abran el puerto, los jugadores sevillistas no podrán volver a sus casas.  Espanyol 1-1 Athletic Tras los rumores acerca de su marcha a un equipo inglés, el entrenador local Quique Sánchez Flores tranquilizó a la afición mostrando su firme compromiso con el Espanyol asegurando que él seguirá en el equipo hasta que el Presidente lo eche dentro de un par de semanas.  Real Sociedad 2-4 Barcelona El Barça ganó en Anoeta diez años después. Los catalanes están a 19 puntos del Real Madrid; aún así, los blancos se han proclamado campeones de invierno gracias a la mayoría de puntos silenciosa.  Betis – Leganés El mundo se para hoy a las nueve de la noche: andaluces y madrileños se juegan la duodécima plaza de la clasificación. Partido no apto para cardiacos.
futbol||El Real Madrid intentará fichar puntos en lugar de jugadores en el mercado de invierno||Atlético 2-0 Getafe El árbitro Munuera Montero expulsó a Diego Costa por abrazarse con el público, demostrando una enorme falta de espíritu navideño. El colegiado también amonestó a varios jugadores atléticos por abrazarse entre ellos. Los abrazos no gustan en casa de los Montero, son una muestra de debilidad.  Valencia 2-1 Girona El Valencia volvió a la senda del triunfo gracias a Google Maps, que los guió por el campo hasta la portería rival.  Las Palmas 1-2 Eibar El Eibar se acerca a Europa gracias a esta victoria, sus aficionados ya han empezado a ir en bicicleta y a ser un ejemplo de tolerancia cero con la corrupción politica.  Sevilla 3-5 Betis El derbi sevillano pasará a la historia por su enorme cantidad de goles. Las delanteras fueron muy productivas, no se trabajaba tanto en un campo de Andalucía desde la expulsión de los árabes.  Leganés 1-0 Real Sociedad El Leganés está haciendo una temporada de ensueño. Cuando sume los tres puntos del Real Madrid podrá empezar a pensar en la Champions.  Barcelona 3-0 Levante Con estos nuevos tres puntos, los catalanes se separan todavía más y habrá que empezar a meter gente en la cárcel para solucionarlo.  Villareal 1-1 Deportivo Los gallegos consiguieron sumar un punto, algunos jugadores tuvieron que utilizar los dedos, pero su visita a Castellón fue todo un éxito. La semana que viene tratarán de hacer multiplicaciones de dos cifras.  Athletic 2-0 Alavés El jugador local Yeray volvió a una convocatoria después de superar su enfermedad. La cura para el cáncer es ser vasco.  Celta 2-2 Real Madrid Tras quedarse a 16 puntos del Barcelona, Florentino Pérez ha anunciado que en este mercado de invierno, en lugar de jugadores, su equipo intentará fichar puntos de Liga para poder aspirar al título.  Málaga – Espanyol Este duelo se ha reservado para hoy lunes para que lo vean mil millones de chinos, pues el país asiático se paraliza durante cada Málaga-Espanyol.
futbol||El Barça ya supera en palos a la Guardia Civil esta temporada||Sevilla 0-0 Levante Los equipos ahorraron en goles para poder afrontar los gastos extra de esta época del año y poder comprar buenos regalos a sus hijos.  Athletic 0-0 R. Sociedad Los vascos empataron a cero. Como eso es una vergüenza para la gente de esa región, nada más terminar el partido volvieron a jugar otro, este con más goles y espectáculo, pero la Federación Española sólo contabiliza el resultado del primero.  Eibar 2-1 Valencia El Eibar dio la sorpresa al conseguir sumar los tres puntos frente al Valencia. Los jugadores locales, con la ayuda de una pizarra y más tarde con la de una calculadora, consiguieron realizar la operación con éxito. Todo un ejemplo para los niños.  Atlético 1-0 Alavés El Niño Torres dio la victoria al Atlético de Madrid justo antes de salir corriendo al Teatro Real de Madrid, donde el viernes estará cantando los premios de la Lotería.  Girona 1-0 Getafe El Girona sigue ganando sus partidos y empieza a estar en la parte alta de la clasificación. Como siga tocando los cojones va a acabar jugando sus partidos en Soto del Real.  Celta 0-1 Villarreal Partido raro en Vigo debido a que el estadio de Balaídos empezó a ser trasladado fuera de la ciudad durante el encuentro y eso despistó a los jugadores.  Las Palmas 2-2 Espanyol Las Palmas estuvo a punto de hacer una remontada histórica pero el fallo de un penalti en el último suspiro los alejó de los libros de Historia. En parte lo agradecemos porque a las futuras generaciones les costaría mucho memorizar todos los nombres de los jugadores y aprobar el examen de Selectividad sería muy complicado.  Barcelona 4-0 Deportivo Después de los cinco balones que estrelló ayer contra la madera, el Barcelona ha conseguido superar en palos a la Guardia Civil esta temporada. Messi, que este año lleva 14 palos, ya ha superado el registro de la Policía Nacional y sólo tiene por delante a Los Mossos d’Esquadra de la temporada 2011/2012.  Málaga – Betis Los dos equipos andaluces hablaron antes del partido y decidieron no jugar y quedarse descansando porque empieza a hacer mucho frío.  Leganés – R. Madrid El Real Madrid no jugó esta jornada porque estaba demasiado ocupado ganando su sexto Campeonato del Mundo. Parece que el equipo blanco se cree demasiado bueno para nosotros y se tiene que ir fuera a jugar partidos “más importantes”.
futbol||La Guardia Civil se lleva 300 goles de Messi a Huesca||Trescientos goles del jugador del futbol Club Barcelona Lionel Messi han llegado este lunes sobre las 15:30 horas al estadio El Alcoraz, en Huesca, después de que una decena de vehículos de la Guardia Civil se haya presentado a las cuatro de la mañana en el museo del Barça junto a los técnicos aragoneses que debían efectuar el traslado .  Unos doscientos aficionados del equipo catalán han protestado a las puertas del museo durante la madrugada pero no han conseguido evitar la pérdida de los tantos. El presidente del equipo oscense, Agustín Lasaosa, se ha mostrado encantado de recibir todas esas obras de arte pero ha lamentado ante la prensa que el golazo de Messi al Getafe de la temporada 2006/2007 ha sido extraviado. “La conservación de ese gol no ha sido la adecuada, confiamos en que alguno de nuestros jugadores consiga reproducirlo”, ha dicho.  Con la llegada de estos trescientos goles, la Sociedad Deportiva Huesca ha conseguido subir a primera y ya se encuentra clasificada para los octavos de final de la Champions League. Los aficionados del equipo oscense están entusiasmados con los 13 goles que el jugador argentino marcó al Zaragoza y que ahora ya pertenecen al Huesca. “Hemos demostrado que somos el mejor equipo de Aragón”, declaraban varios seguidores del equipo.  La Guardia Civil estudia ahora si debe viajar a Manchester y quitarle el “tiquitaca” a Josep Guardiola para traerlo a España, pues se considera que ese estilo de juego pertenece al Estado español y que el Barça nunca debió dejarlo marchar allí.
futbol||Sergio Ramos estará entre cuatro y cinco semanas de baja tras chutar el Balón de Oro||Alavés 2-0 Las Palmas El Alavés aprovechó que los jugadores de Las Palmas empezaron el partido una hora más tarde para marcarles dos goles y asegurar la victoria. Los equipos canarios ya han pedido a la Federación que les dejen jugar en horario peninsular para evitar este tipo de situaciones.  Getafe 0-0 Eibar A pesar del empate a cero, el público que asistió al estadio se lo pasó en grande, en parte porque la mayoría de ellos estuvieron viendo series en el móvil.  Real Madrid 5-0 Sevilla Cristiano Ronaldo ofreció su quinto Balón de Oro al público del Bernabéu. Dejándose llevar por el ambiente festivo que se vivía, Sergio Ramos lo chutó y ahora estará entre cuatro y cinco semanas de baja.  Deportivo 1-0 Leganés El equipo gallego volvió a ganar un partido. Cuando el árbitro pitó el final, los confusos futbolistas locales siguieron jugando al no creerse que realmente habían ganado a otro equipo.  Valencia 2-1 Celta El equipo local volvió a ganar, se consolida como segundo en la clasificación y sigue demostrando que es el nuevo Real Madrid porque ahora los árbitros incluso le favorecen.  Real Sociedad 0-2 Málaga El Málaga resucitó en Anoeta y ahora San Sebastián es una ciudad devota y entregada a los jugadores blanquiazules que son sus nuevos dioses.  Betis 0-1 Atlético de Madrid El partido se le puso cuesta arriba al Betis debido a unas obras que se están realizando en los aledaños del estadio, lo que aprovechó el equipo visitante para volcarse sobre la portería de Adán y llevarse los tres puntos.  Levante 1-2 Athletic de Bilbao Precioso ejemplo de concordia y fraternidad entre pueblos el vivido en el Ciutat de València; dos de los tres goles del partido fueron en propia meta, lo que demuestra que, a veces, las dos partes deben ceder un poco para llegar a un buen entendimiento. Sin duda el mejor partido de la jornada, no por el espectáculo sino por los valores demostrados.  Villareal 0-2 Barcelona Partido marcado por la polémica expulsión del canterano local Dani Rabaseda. Aunque a cámara lenta sí parece una entrada dura, al rebobinar se ve claramente que es el jugador del Barça Sergio Busquets el que propina una patada al jugador local, por lo que era el catalán el que debió ser expulsado.  Espanyol – Girona Como se enfrentaban dos equipos catalanes, a nadie le importa el resultado. La próxima vez, si quieren un resumen de su partido, que jueguen contra españoles.
futbol||El Real Madrid envía a un equipo de ojeadores a buscar los dos puntos que se dejó en Bilbao||Málaga 0-0 Levante Este partido se saldó con numerosos heridos. La gran mayoría de ellos ingresó en Urgencias con un ataque severo de aburrimiento. Los goles y el graduado escolar fueron los grandes ausentes en el césped de La Rosaleda.  Barcelona 2-2 Celta El árbitro anuló un gol legal a Luis Suárez que habría supuesto la victoria del Barça demostrando una vez más que “Galicia ens roba”. Cada vez parece más claro que hay una conspiración que busca mantener al Celta de Vigo en la parte alta de la tabla a cualquier precio.  Atlético 2-1 Real Sociedad El equipo local consiguió remontar un partido épico en el minuto 88 apelando al ya habitual espíritu de Adolf Hitler.  Sevilla 2-0 Deportivo A pesar de la derrota, los jugadores del Deportivo se pusieron a celebrar eufóricos nada más acabar el partido, lo que demuestra que todavía no entienden muy bien las normas de este deporte.  Athletic 0-0 Real Madrid El Real Madrid se dejó dos puntos muy importantes en La Catedral. Un portavoz del equipo blanco ya ha anunciado que mandará a sus ojeadores esta misma semana para que traten de encontrarlos y volver a meterse en la lucha por la Liga.  Leganés 3-1 Villareal El Leganés sólo marcó un gol, pero lo invirtió en Bitcoins y en el minuto 90 ya había triplicado su valor. Siempre se dice que el futbol es de listos, y los jugadores locales demostraron mucha inteligencia en materia de inversión. Merecido triunfo.  Getafe 1-0 Valencia El Valencia sufrió la primera derrota de esta temporada y el público de Mestalla ya prepara una sonora pitada para la próxima jornada. ¿Hasta cuándo van a tener que soportar esto? ¿Se le ha agotado ya el crédito a Marcelino? Quizás es el momento de buscar a un nuevo entrenador.  Eibar 3-1 Espanyol El gol del jugador local más canalla, Kike García, en el minuto ocho de partido encarriló la victoria del Eibar. En los 82 minutos restantes, el goleador se dedicó a hacer disfrutar a los siete mil espectadores con el mejor jazz urbano y los mejores chistes que se recuerdan en el estadio de Ipurua. Al final del partido, en el control antidopaje, el delantero daría positivo por Cointreau. “La culpa es de La Liga Santander, por poner el partido un domingo a las 18:30”, se defendió el futbolista.  Las Palmas 1-0 Betis Los jugadores canarios se llevaron la victoria jugando con su segunda equipación, la de drag-queen.  Girona – Alavés Debido al frío que hace en Girona, el hombre encargado de cambiar los números del marcador se ha negado a subirse a la escalera y por tanto el partido queda en empate a raya.
futbol||Futbolista se pregunta en pleno esprint qué coño hace corriendo y sudando si ya es rico||Parándose en seco en medio del césped e interrumpiendo su esprint para secarse el sudor, Clark Johnson, un futbolista profesional de la liga inglesa, se ha dicho hoy a sí mismo que no sabe qué hace corriendo y sudando tanto si ya es rico.  “Esto que estoy haciendo no es propio de ricos y tú eres rico. Los ricos no deberían estar sudando”, se ha dicho a sí mismo, recordándose que una persona con su dinero no necesita correr o cansarse y que nadie en su sano juicio hace deporte porque le guste, pues “correr es una mierda”.  “En serio, ¿qué coño estoy haciendo aquí? Estos tíos van en serio y dan patadas y te puedes caer al suelo y acabar lleno de barro”, se ha dicho, según ha podido saber la prensa.  Al finalizar el partido, Johnson ha recordado que tendrá que madrugar durante toda la semana para ir a correr por las mañanas y hacer no menos de 50 abdominales diarias pese a que está en perfecta forma física y ni siquiera necesita adelgazar.
futbol||Franco levanta la cabeza y la vuelve a bajar al ver al Real Madrid a diez puntos del Barça||Girona 1-1 Real Sociedad Catalanes y vascos acabaron repartiéndose los puntos pese a hablar idiomas diferentes demostrando que, con esfuerzo y paciencia, el entendimiento entre pueblos es posible. El árbitro, un cabrón.  Getafe 4-1 Alavés Primera vez en la historia de la Liga en la que un partido tiene más goles que aficionados en la grada. Con esta victoria, el Getafe se coloca justo a la mitad de la clasificación, por lo que para mucha gente ordenada y maniática el equipo madrileño va ganando el campeonato.  Leganés 0-3 Barcelona Feo gesto de los jugadores del Barcelona al salir con un brazalete negro en recuerdo de Charles Manson. El mal se está apoderando de la Liga. Satanás y los árbitros están haciendo mucho daño al Real Madrid.  Sevilla 2-1 Celta El Celta mereció más, pero el conductor del autobús vigués se equivocó al poner el GPS y llevó al equipo gallego al campo del Betis. Después de encontrarse con una puerta cerrada corrieron de vuelta al autobús para ir al Sánchez-Pizjuán. Pero, para cuando los celestes salieron al campo, el Sevilla ya les ganaba 2-0. El conductor del autobús ha sido declarado transferible y tratarán de venderlo en este mercado de invierno.  Atlético 0-0 Real Madrid Los árbitros decidieron hundir al Real Madrid al no pitarle cinco penaltis y perdonar varias expulsiones a los locales. Para el próximo partido en el Bernabéu, y con el fin de imponer respeto, además de José María Aznar, Florentino Pérez quería que Franco ocupase un sitio en el palco, pero el Caudillo, al levantar la cabeza, la volvió a bajar enseguida al ver que el equipo de la capital está a 10 puntos del Barça.  Málaga 3-2 Deportivo Borja Bastón salvó la cabeza a Míchel a falta de cinco minutos para el final. En entrenador del equipo malacitano ya se encontraba rendido sobre el césped. El jeque del Málaga tenía su cabeza agarrada con una mano mientras sujetaba un afilado cuchillo con la otra. Los miles de asistentes al espectáculo, después de lanzar lechugas, tomates y escupitajos al entrenador, pedían a gritos su decapitación. Pero Borja Bastón lo evitó con un certero balonazo que hizo que el jeque soltase el cuchillo.  Espanyol 0-2 Valencia El Valencia se aferra a la lucha por el título. Debido a su buen juego, su gran posición en la clasificación y a que visten con camiseta blanca, a partir de ahora nos referiremos a este equipo como el real Real Madrid.  Athletic 1-1 Villarreal Pocos goles en la nueva Catedral del futbol. Al jugarse en domingo, el partido coincidió con la misa de las nueve, así que los jugadores marcaron pocos goles para no hacer mucho ruido. Se repartieron los puntos como buenos hermanos.  Eibar – Betis Extraño partido el vivido en Ipurua, como se puede ver en el marcador, donde en lugar de goles hay una rayita. No actualizaremos la clasificación de estos dos equipos hasta que sepamos cuántos puntos suma esa rayita.
futbol||El Madrid reinstaura la legalidad en la Liga con su contudente victoria ante Las Palmas||Betis 2-2 Getafe La gloria se paseó por el Benito Villamarín pero los 22 héroes elegidos para defender los colores que pintan los corazones de millones de aficionados de todo el mundo no pudieron pasar del empate. El encuentro fue tan épico que, a partir de ahora, se borrarán todos los libros de Historia y se empezarán a reescribir desde el momento en el que el árbitro, Mateu Lahoz, pitó el inicio de este partido.  Valencia 3-0 Leganés La Historia se sigue tallando en letras de oro en la capital del Turia. Ataviados con pantalones cortos, camisetas deportivas y con un balón de cuero como única arma, once valientes locales hicieron sucumbir al enemigo para regocijo de los asistentes. Los nietos de los nietos de nuestros nietos hablarán de ese día en que el Valencia consiguió derrotar al Leganés en la undécima jornada de la octogésimo séptima liga.  Deportivo 0-1 Atlético Los atléticos conquistaron Riazor. A partir de ahora los jugadores del Deportivo tendrán que vestir de rojo y blanco, hablar castellano con acento madrileño y pagar un tributo semanal al presidente Enrique Cerezo.  Alavés 1-0 Espanyol Los dioses se volvieron a vestir de jugadores del Alavés y le ofrecieron una gran victoria a la afición de Vitoria. Y es que a los dioses les encantan estos juegos de palabras.  Barcelona 2-1 Sevilla El Barça sigue caminando por fuera de la legalidad y consiguió ganar de manera anticonstitucional al Sevilla. Los catalanes están tres puntos más cerca de la independencia.  Levante 1-2 Girona Cataluña sigue robando puntos a los equipos españoles con la complicidad de las autoridades y de los medios de comunicación.  Celta 3-1 Athletic Balaídos fue una fiesta gracias a la victoria de su equipo en la que dos aficionados, de los miles que había en el campo, llegaron incluso a sonreír en un momento dado debido al júbilo de la victoria. La euforia se desató en la ciudad gallega cuando el árbitro pitó el final del partido y los aficionados célticos volvieron a sus casas con el gesto destensado, sin su ceño habitualmente fruncido.  R. Sociedad 3-1 Eibar Duelo fraticida en San Sebastián. Enfrentamiento entre hermanos. Se derramó sangre amiga en el campo de batalla. Este tipo de partidos deberían hacernos reflexionar sobre hasta qué punto estamos dispuestos a llegar por la consecución de tres puntos. Esta herida tardará años en cerrarse.  Villarreal 2-0 Málaga El Málaga sigue perdiendo todos los partidos que juega. Como su propietario, Abdullah Al Thani, es árabe y allí se lee al revés que aquí, no hace nada porque piensa que, en lugar de último, su equipo es el primero.  Real Madrid 3-0 Las Palmas El Madrid reinstauró la legalidad en la Liga con su contundente victoria ante Las Palmas. Los blancos demostraron que en un estado de derecho como es el español lo importante es atacar por las bandas y tirar desde fuera del área. Gracias a que siguió la ley, el equipo de la capital vuelve a ponerse primero en la clasificación a pesar de lo que intente vender cierta parte de la prensa.
futbol||Constitucional jornada de Liga que restaura la normalidad con 155 goles en contra||El artículo 155 de la Constitución fue el gran protagonista de esta jornada de liga. El Gobierno de España ha empezado a controlar a los equipos catalanes para restaurar el orden en la clasificación liguera, donde el Real Madrid ya se encuentra primero, como ha sido toda la vida. La proclamación de la República Catalana hará que la Liga Santander iguale el récord de Juego de Tronos en perder el mayor número de protagonistas en una sola temporada.  Barcelona 2-0 Málaga Los catalanes ganaron el último partido de su historia en la liga española. Cuando el jueves sean expulsados de la competición al ser proclamada la República Catalana, los jugadores tendrán el orgullo de haber conseguido el mejor arranque de la historia del club en las primeras nueve jornadas. ¿Serán suficientes los 25 puntos para evitar el descenso? Da igual porque ahora jugarán en una liga diferente.  Levante 1-1 Getafe Duelo de titanes con reparto de puntos en el Ciutat de Valencia, que la semana que viene pasará a llamarse Ciudad de Valencia para evitar problemas. Sin duda los equipos catalanes echarán de menos enfrentarse a equipos de este nivel, y es que debieron pensárselo dos veces antes de querer abandonar España.  Real Madrid 3-0 Eibar Solvente victoria del Real Madrid que ya suma 45 puntos en tan sólo nueve jornadas siendo el mejor líder de todas las ligas europeas. Al expulsar al Barcelona de la Liga, los 25 puntos sumados por el equipo catalán se han sorteado entre todos los participantes de la competición; sorprendentemente, todos han ido a parar al Real Madrid en lo que ya se conoce como la suerte del campeón.  Betis 2-0 Alavés El Betis sigue deleitando con un futbol virtuoso y de muchos kilates, no se descarta que el club sevillano lo acabe vendiendo en un Cash Converters como ya hizo en años anteriores.  Valencia 4-0 Sevilla El Valencia está siendo la sensación de esta temporada y los de Marcelino se han aferrado al segundo puesto yendo de exhibición en exhibición. Pero, por si acaso, que no toquen mucho los cojones con el idioma valenciano porque también se pueden ir a jugar la liga catalana con el Barça.  Celta 0-1 Atlético Los vigueses sucumbieron ante los de Simeone en un campo semivacío, por lo que los habituales llantos y lamentos gallegos se vieron reducidos a la mitad.  Leganés 1-0 Athletic El Leganés sigue siendo la gran revelación de esta temporada. Es un equipo humilde, juegan bien, están en puestos de Liga de Campeones, y lo que es mejor: ni hablan catalán, ni van dando por culo con reinvindicaciones politicas.  Villareal 4-0 Las Palmas Gran partido del Villareal, que ha sido vigilado con lupa por los arbitros por si algún jugador utilizaba el catalán durante los noventa minutos. Al no haber sido así, la semana que viene tendrán una nueva oportunidad para seguir jugando en la liga del reino.  Real Sociedad – Espanyol El partido no se disputó porque los equipos catalanes han sido expulsados de la competición. Nadie ha querido los puntos sumados hasta ahora por el Espanyol por considerarse una cantidad anecdótica.  Deportivo – Girona El partido no se disputó porque los equipos catalanes han sido expulsados de la competición. A esta hora de la mañana, todavía nadie se ha dado cuenta de la suspensión de este partido.
futbol||El Real Madrid amenaza con trasladar su sede a Cataluña si no se resuelve el conflicto||El presidente del Real Madrid, Florentino Pérez, ha confirmado esta tarde que el club blanco podría trasladarse a Cataluña si el conflicto en esta comunidad autónoma no se resuelve en las próximas semanas de forma pacífica y consensuada. El estadio Santiago Bernabéu, situado en la Avenida de Concha Espina número uno de Madrid, podría ocupar en unos días “una zona emblemática de Barcelona” si no se hace nada para evitarlo, humillando así de forma irreparable a la afición barcelonista.  La amenaza de la directiva del Real Madrid ha logrado contagiar el miedo entre los sectores del independentismo catalán más radical. “No harían eso, sería una tortura también para ellos”, apuntaba la diputada del Parlament Anna Gabriel. Sin embargo, las dudas han calado en su entorno, pues también se dijo en su día que no se produciría la fuga de empresas catalanas que está teniendo lugar estos días.  “Entendemos que ningún aficionado catalán quiere la presencia del Real Madrid en su territorio y que ningún ideal político compensaría este escenario”, ha declarado Florentino Pérez, insistiendo en que “no es lo que queremos hacer” pero reconociendo también que “no nos temblará la mano” si se trata de mantener la unidad de España.  Tras el anuncio, el líder del PSOE, Pedro Sánchez, ha declarado que “la aplicación del artículo 155 de la Constitución debería bastar para restablecer el orden”, tildando de “cruel e innecesario” el traslado a Barcelona del Real Madrid, que según él constituiría “un innecesario ensañamiento con el pueblo catalán, también con los que quieren quedarse en España”. Incluso desde el Ejecutivo de Mariano Rajoy se traslada la voluntad de “ser prudentes” y se reconoce que cumplir esta amenaza podría resquebrajar aún más la convivencia dentro y fuera del territorio catalán.